{
  "mae": 107171.14611557918,
  "rmse": 137369.01758147377,
  "mape": 23.99497804858145,
  "forecast_horizon": 27,
  "test_samples": 27
}