{
  "mae": 21846386.38701462,
  "rmse": 25914518.669010643,
  "mape": 63.00327938315929,
  "forecast_horizon": 27,
  "test_samples": 27
}