{
  "mae": 28710800.446143582,
  "rmse": 32311238.75801847,
  "mape": 78.72817004237719,
  "forecast_horizon": 27,
  "test_samples": 27
}