{
  "mae": 121014.75194254996,
  "rmse": 143364.0188722522,
  "mape": 33.61342397184559,
  "forecast_horizon": 27,
  "test_samples": 27
}