TCC MAPE,TCC MAE,TCC RMSE,TCC Vies,TCC Acuracia
23.45376859941051,"R$ 95139,69",119785.85331603566,"1,47%","79,44%"
